categorias, Herramienta Conceptual

"Modelos Teóricos","41"
"Identificación de Problemas","38"
"Argumentación Deductiva","32"
"Argumentación","27"
"Argumentación Inductiva","27"
"Método de Resolución de Ecuaciones","23"
"Simulación","23"
"Argumentación Racional","23"
"Investigación cuantitativa","22"
"Optimización","21"
"Identificación de Actores","19"
"Abstracción de Objetos","18"
"Modelos Experimentales","15"
"Diagramas de Flujo","13"
"Diagramas de Datos","12"
"Análisis de Riesgos","12"
"Diagramas de Procesos","12"
"Diseño Asistido por Computador","10"
"Pruebas de Escritorio","10"
"Investigación Formal","10"
"Diagramas de Arquitectura","9"
"Diagramas UML","9"
"Pruebas funcionales","9"
"Diagramas de Causa Efecto","8"
"Reflexividad","7"
"Argumentación Convincente","7"
"Argumentación de Experiencia Personal","7"
"Dinámicas de Conflicto Social","6"
"Argumentación Generalización","6"
"Pruebas unitarias","6"
"Medición de Magnitudes","6"
"Investigación Cualitativa","5"
"Argumentación de hecho","5"
"Diagramas de Arbol","5"
"Argumentación Concisa","4"
"Equivalencias Tautológicas","4"
"Normalización de Datos","4"
"Análisis de Tráfico","3"
"Montajes de Experimentos eléctricos","3"
"Argumentación Abductiva","3"
"Contabilidad","3"
"Argumentación de Tradición","3"
"Argumentación de Autoridad","3"
"Argumentación probabilística","3"
"Pruebas de Usabilidad","2"
"Montajes de experimentos magnéticos","2"
"Pruebas de Caja Negra","2"
"Argumentación Analógica","2"
"Pruebas de Accesibilidad","2"
"Pruebas de Estrés","2"
"Argumentación de Moralidad","1"
"Máquinas de Estado","1"
"Diagramas Archimate","1"
"Montajes de experimentos mecánicos","1"
