categoria, Recurso

"Computadores","52"
"Videos","46"
"Textos","38"
"Libros Externos","35"
"Textos de Otros Autores","27"
"Modelos Teóricos","27"
"Libros Internos","20"
"Software de Programación","19"
"Revistas","18"
"Bases de Datos Electrónicas","18"
"Software de Simulación","18"
"Articulos Externos","18"
"Simuladores Matemáticos","16"
"Compiladores","15"
"Modelos Fisicos","14"
"Interpretadores","12"
"Artículos de Nuestros Profesores","12"
"Software en la Nube","12"
"Laboratorios de sistemas","11"
"Servidores de Bases de Datos","10"
"Planeación Estratégica","9"
"Servidores Web","9"
"Humanidades","8"
"Software de Regresión","8"
"Folletos","7"
"Servidores de Correo","7"
"Publicidad","7"
"Equipos Activos de Comunicación","6"
"Compiladores Online","6"
"Filosofía","5"
"Software Consumido como Servicio","5"
"Software de Gestión","5"
"Laboratorios de Fisica","5"
"Equipos de Transmisión de Datos","5"
"Emuladores de Red","4"
"Servidores de Streamin","4"
"Equipos de Medición","3"
"Software de Sistemas Expertos","3"
"Analizadores de Tráfico","3"
"Herramientas de Diseño Gráfico","3"
"Lapiz y Papel","3"
"Plataforma como Servicio","3"
"Instrumentos de Medición","2"
"Servidores FTP","2"
"Software de Traducción","2"
"Infraestructura Consumida como Servicio","2"
"Software para Minería de Datos","2"
"Equipos para Mantenimiento","1"
"Laboratorios de Electrónica","1"
"Emuladores de Sistemas Operativos","1"
"Servidores DHCP y DNS","1"
"Análisis del Espectro","1"
"Equipos de Realidad Aumentada","1"
"Circuitos Montables en Protoboards","1"
categoria, Recurso

"Computadores","52"
"Videos","46"
"Textos","38"
"Libros Externos","35"
"Textos de Otros Autores","27"
"Modelos Teóricos","27"
"Libros Internos","20"
"Software de Programación","19"
"Revistas","18"
"Bases de Datos Electrónicas","18"
"Software de Simulación","18"
"Articulos Externos","18"
"Simuladores Matemáticos","16"
"Compiladores","15"
"Modelos Fisicos","14"
"Interpretadores","12"
"Artículos de Nuestros Profesores","12"
"Software en la Nube","12"
"Laboratorios de sistemas","11"
"Servidores de Bases de Datos","10"
"Planeación Estratégica","9"
"Servidores Web","9"
"Humanidades","8"
"Software de Regresión","8"
"Folletos","7"
"Servidores de Correo","7"
"Publicidad","7"
"Equipos Activos de Comunicación","6"
"Compiladores Online","6"
"Filosofía","5"
"Software Consumido como Servicio","5"
"Software de Gestión","5"
"Laboratorios de Fisica","5"
"Equipos de Transmisión de Datos","5"
"Emuladores de Red","4"
"Servidores de Streamin","4"
"Equipos de Medición","3"
"Software de Sistemas Expertos","3"
"Analizadores de Tráfico","3"
"Herramientas de Diseño Gráfico","3"
"Lapiz y Papel","3"
"Plataforma como Servicio","3"
"Instrumentos de Medición","2"
"Servidores FTP","2"
"Software de Traducción","2"
"Infraestructura Consumida como Servicio","2"
"Software para Minería de Datos","2"
"Equipos para Mantenimiento","1"
"Laboratorios de Electrónica","1"
"Emuladores de Sistemas Operativos","1"
"Servidores DHCP y DNS","1"
"Análisis del Espectro","1"
"Equipos de Realidad Aumentada","1"
"Circuitos Montables en Protoboards","1"
